{
	"pages": [ //pages数组中第一项表示应用启动页,
		{
			"path": "pages/main/main",
			"style": {
				"navigationBarTitleText": "超级班车"
			}
		}, {
			"path": "pages/login/login",
			"style": {
				"navigationBarTitleText": "登录"
			}
		}, {
			"path": "pages/reg/reg",
			"style": {
				"navigationBarTitleText": "注册"
			}
		}, {
			"path": "pages/pwd/pwd",
			"style": {
				"navigationBarTitleText": "找回密码"
			}
		}, {
			"path": "pages/user/user",
			"style": {
				"navigationBarTitleText": "我的"
			}
		}
		// #ifdef APP-PLUS
		, {
			"path": "pages/invite/invite",
			"style": {
				"navigationBarTitleText": "邀请好友"
			}
		}
		// #endif
		, {
			"path": "pages/invited-user/invited-user",
			"style": {
				"navigationBarTitleText": "受邀用户"
			}
		}
		// #ifdef H5
		, {
			"path": "pages/invite-reg/invite-reg",
			"style": {
				"navigationBarTitleText": "邀请注册页面",
				"navigationStyle": "custom"
			}
		}
		// #endif
	    ,{
            "path" : "pages/explorer/explorer",
            "style" : {
                "enablePullDownRefresh": true,
                "navigationBarTitleText": "发现"
            }
            
        }
        ,{
            "path" : "pages/chuxing/chuxing",
            "style" :                                                                                    
            {
                "navigationBarTitleText": "乘车",
                "enablePullDownRefresh": false
            }
            
        },
		// {
		// 	"path":"pages/OrderTime/OrderTime"
			
		// },
		{
            "path" : "pages/show-map/ShowMap",
            "style" :                                                                                    
            {
                "navigationBarTitleText": "选择位置"
                
            }
            
        },
		{
            "path" : "pages/payment/payment",
            "style" :                                                                                    
            {
                "navigationBarTitleText": "确认支付"
                
            }
            
        }
    ],
	"tabBar": {
		"color": "#7a7e83",
		"selectedColor": "#0faeff",
		"backgroundColor": "#ffffff",
		"list": [{
			"pagePath": "pages/main/main",
			"text": "首页",
			"iconPath": "static/img/home.png",
			"selectedIconPath": "static/img/homeHL.png"
		}, {
			"pagePath": "pages/explorer/explorer",
			"text": "发现",
			"iconPath": "static/img/user.png",
			"selectedIconPath": "static/img/userHL.png"
		}, {
			"pagePath": "pages/chuxing/chuxing",
			"text": "乘车",
			"iconPath": "static/img/user.png",
			"selectedIconPath": "static/img/userHL.png"
		}, {
			"pagePath": "pages/user/user",
			"text": "我的",
			"iconPath": "static/img/user.png",
			"selectedIconPath": "static/img/userHL.png"
		}]
	},
	"globalStyle": {
		"navigationBarTextStyle": "white",
		"navigationBarBackgroundColor": "#0faeff",
		"backgroundColor": "#fbf9fe",
		"usingComponents":{
			"van-button":"/wxcomponents/vant/button/index",
			"van-datetime-picker": "/wxcomponents/vant/datetime-picker/index",
			"van-popup":"/wxcomponents/vant/popup/index",
			"van-cell":"wxcomponents/vant/cell/index"
			
			
		}
	}
}
